Wall time,Step,Value
1546413404.3455255,0,0.6596037149429321
1546413430.041741,1,0.742526650428772
1546413455.1733036,2,0.7735654711723328
1546413480.8086061,3,0.7945252656936646
1546413506.4658325,4,0.809930145740509
1546413532.1310494,5,0.8300309181213379
1546413557.9232135,6,0.8446913361549377
1546413582.4001932,7,0.8576337099075317
1546413608.0833836,8,0.867827296257019
1546413633.670666,9,0.8801969885826111
1546413659.435805,10,0.8843202590942383
1546413685.1779876,11,0.89920973777771
1546413711.0171397,12,0.9062535762786865
1546413736.9351892,13,0.9150727391242981
1546413762.6333666,14,0.9206849336624146
1546413788.427553,15,0.9273279309272766
1546413814.3435843,16,0.9325965046882629
1546413840.1797113,17,0.9411865472793579
1546413866.1757445,18,0.9455388784408569
1546413892.2217286,19,0.948115885257721
